,w2v_svm,w2v_logreg
anger,0.5870189094625938,0.5632346581750992
fear,0.5605526706231454,0.5490077893175074
joy,0.845968985954372,0.8323942518470406
love,0.222579780101904,0.33467417538214
sadness,0.7386756292366081,0.7598421479956949
surprise,0.34642746674914937,0.37364676770801114
micro,0.6767614372475168,0.6837530680631707
macro,0.5502039070212954,0.5687999650709156
accuracy,0.6767614372475168,0.6837530680631707
